Abbreviation,Name,Formula (neutral),Formula (charged),Charge,Compartment,KEGG ID,PubChem ID,ChEBI ID,InChI string,Smiles
(arg-asp-L)2,L-arginine-L-aspartate dimer of cyanophycin,C20H38N10O9,,0,,,,,,
(arg-asp-L)-asp-L,,C24H42N11O12,,-1,,,,,,
(R)-3-Hydroxy-3-methyl-2-oxopentanoate,(R)-3-Hydroxy-3-methyl-2-oxopentanoate,C6H9O4,,-1,,C14463,,,,
(R)-Allantoin,(R)-Allantoin,C4H6N4O3,,0,,C02348,,,,
1_2-Dianteisoheptadecanoyl-sn-glycerol,"1,2-Dianteisoheptadecanoyl-sn-glycerol",C37H72O5,,0,,,,,,
1_2-dianteisoheptadecanoyl-sn-glycerol 3-phosphate,"1,2-dianteisoheptadecanoyl-sn-glycerol 3-phosphate",C37H72O8P,,-1,,,,,,
1_2-Dianteisopentadecanoyl-sn-glycerol,"1,2-Dianteisopentadecanoyl-sn-glycerol",C33H64O5,,0,,,,,,
1_2-dianteisopentadecanoyl-sn-glycerol 3-phosphate,"1,2-dianteisopentadecanoyl-sn-glycerol 3-phosphate",C33H64O8P,,-1,,,,,,
1_2-Diisoheptadecanoyl-sn-glycerol,"1,2-Diisoheptadecanoyl-sn-glycerol",C37H72O5,,0,,,,,,
1_2-diisoheptadecanoyl-sn-glycerol 3-phosphate,"1,2-diisoheptadecanoyl-sn-glycerol 3-phosphate",C37H72O8P,,-1,,,,,,
1_2-Diisohexadecanoyl-sn-glycerol,"1,2-Diisohexadecanoyl-sn-glycerol",C35H68O5,,0,,,,,,
1_2-diisohexadecanoyl-sn-glycerol 3-phosphate,"1,2-diisohexadecanoyl-sn-glycerol 3-phosphate",C35H68O8P,,-1,,,,,,
1_2-Diisopentadecanoyl-sn-glycerol,"1,2-Diisopentadecanoyl-sn-glycerol",C33H64O5,,0,,,,,,
1_2-diisopentadecanoyl-sn-glycerol 3-phosphate,"1,2-diisopentadecanoyl-sn-glycerol 3-phosphate",C33H64O8P,,-1,,,,,,
1_2-Diisotetradecanoyl-sn-glycerol,"1,2-Diisotetradecanoyl-sn-glycerol",C31H60O5,,0,,,,,,
1_2-diisotetradecanoyl-sn-glycerol 3-phosphate,"1,2-diisotetradecanoyl-sn-glycerol 3-phosphate",C31H60O8P,,-1,,,,,,
1_4-Dihydroxy-2-naphthoyl-CoA,"1,4-Dihydroxy-2-naphthoyl-CoA",C32H39N7O19P3S,,-3,,C15547,,,,
10-Formyl-THF-L-glutamate,10-Formyl-THF-L-glutamate,C25H27N8O10,,-3,,C05928,,,,
10fthf,10-Formyl-THF,C20H21N7O7,,-2,,C00234,,,,
10-methyl-3-hydroxy-dodecanoyl-ACP,10-methyl-3-hydroxy-dodecanoyl-ACP,C24H45N2O9PRS,,-1,,,,,,
10-methyl-3-hydroxy-undecanoyl-ACP,10-methyl-3-hydroxy-undecanoyl-ACP,C23H43N2O9PRS,,-1,,,,,,
10-methyl-3-oxo-dodecanoyl-ACP,10-methyl-3-oxo-dodecanoyl-ACP,C24H43N2O9PRS,,-1,,,,,,
10-methyl-3-oxo-undecanoyl-ACP,10-methyl-3-oxo-undecanoyl-ACP,C23H41N2O9PRS,,-1,,,,,,
10-methyl-dodecanoyl-ACP,10-methyl-dodecanoyl-ACP,C24H45N2O8PRS,,-1,,,,,,
10-methyl-trans-dodec-2-enoyl-ACP,10-methyl-trans-dodec-2-enoyl-ACP,C24H43N2O8PRS,,-1,,,,,,
10-methyl-trans-undec-2-enoyl-ACP,10-methyl-trans-undec-2-enoyl-ACP,C23H41N2O8PRS,,-1,,,,,,
10-methyl-undecanoyl-ACP,10-methyl-undecanoyl-ACP,C23H43N2O8PRS,,-1,,,,,,
11-methyl-3-hydroxy-dodecanoyl-ACP,11-methyl-3-hydroxy-dodecanoyl-ACP,C24H45N2O9PRS,,-1,,,,,,
11-methyl-3-oxo-dodecanoyl-ACP,11-methyl-3-oxo-dodecanoyl-ACP,C24H43N2O9PRS,,-1,,,,,,
11-methyl-dodecanoyl-ACP,11-methyl-dodecanoyl-ACP,C24H45N2O8PRS,,-1,,,,,,
11-methyl-trans-dodec-2-enoyl-ACP,11-methyl-trans-dodec-2-enoyl-ACP,C24H43N2O8PRS,,-1,,,,,,
12d3k5m,"1,2-dihydroxy-3-keto-5-methylthiopentene",C6H9O3S,,-1,,C15606,,,,
12dgr120,"1,2-Diacyl-sn-glycerol didodecanoyl",C27H52O5,,0,,,,,,
12dgr140,"1,2-Diacyl-sn-glycerol ditetradecanoyl",C31H60O5,,0,,,,,,
12dgr141,"1,2-Diacyl-sn-glycerol ditetradec-7-enoyl",C31H56O5,,0,,,,,,
12dgr160,"1,2-Diacyl-sn-glycerol dihexadecanoyl",C35H68O5,,0,,,,,,
12dgr161,"1,2-Diacyl-sn-glycerol dihexadec-9-enoyl",C35H64O5,,0,,,,,,
12dgr180,"1,2-Diacyl-sn-glycerol dioctadecanoyl",C39H76O5,,0,,,,,,
12dgr181,"1,2-Diacyl-sn-glycerol dioctadec-11-enoyl",C39H72O5,,0,,,,,,
12-methyl-3-hydroxy-tetra-decanoyl-ACP,12-methyl-3-hydroxy-tetra-decanoyl-ACP,C26H49N2O9PRS,,-1,,,,,,
12-methyl-3-hydroxy-tridecanoyl-ACP,12-methyl-3-hydroxy-tridecanoyl-ACP,C25H47N2O9PRS,,-1,,,,,,
12-methyl-3-oxo-tetra-decanoyl-ACP,12-methyl-3-oxo-tetra-decanoyl-ACP,C26H47N2O9PRS,,-1,,,,,,
12-methyl-3-oxo-tridecanoyl-ACP,12-methyl-3-oxo-tridecanoyl-ACP,C25H45N2O9PRS,,-1,,,,,,
12-methyl-tetra-decanoyl-ACP,12-methyl-tetra-decanoyl-ACP,C26H49N2O8PRS,,-1,,,,,,
12-methyl-trans-tetra-dec-2-enoyl-ACP,12-methyl-trans-tetra-dec-2-enoyl-ACP,C26H47N2O8PRS,,-1,,,,,,
12-methyl-trans-tridec-2-enoyl-ACP,12-methyl-trans-tridec-2-enoyl-ACP,C25H45N2O8PRS,,-1,,,,,,
12-methyl-tridecanoyl-ACP,12-methyl-tridecanoyl-ACP,C25H47N2O8PRS,,-1,,,,,,
13(1)-Hydroxy-Mg-protoporphyrin IX 13-monomethyl ester,13(1)-Hydroxy-Mg-protoporphyrin IX 13-monomethyl ester,C35H33N4O5Mg,,0,,C11829,,,,
13(1)-Oxo-Mg-protoporphyrin IX 13-monomethyl ester,13(1)-Oxo-Mg-protoporphyrin IX 13-monomethyl ester,C35H31N4O5Mg,,0,,C11830,,,,
13dpg,"1,3-Bisphospho-D-glycerate",C3H6O10P2,,-2,,C00236,,,,
13-methyl-3-hydroxy-tetra-decanoyl-ACP,13-methyl-3-hydroxy-tetra-decanoyl-ACP,C26H49N2O9PRS,,-1,,,,,,
13-methyl-3-oxo-tetra-decanoyl-ACP,13-methyl-3-oxo-tetra-decanoyl-ACP,C26H47N2O9PRS,,-1,,,,,,
13-methyl-tetra-decanoyl-ACP,13-methyl-tetra-decanoyl-ACP,C26H49N2O8PRS,,-1,,,,,,
13-methyl-trans-tetra-dec-2-enoyl-ACP,13-methyl-trans-tetra-dec-2-enoyl-ACP,C26H47N2O8PRS,,-1,,,,,,
14-methyl-3-hydroxy-hexa-decanoyl-ACP,14-methyl-3-hydroxy-hexa-decanoyl-ACP,C28H53N2O9PRS,,-1,,,,,,
14-methyl-3-hydroxy-pentadecanoyl-ACP,14-methyl-3-hydroxy-pentadecanoyl-ACP,C27H51N2O9PRS,,-1,,,,,,
14-methyl-3-oxo-hexa-decanoyl-ACP,14-methyl-3-oxo-hexa-decanoyl-ACP,C28H51N2O9PRS,,-1,,,,,,
14-methyl-3-oxo-pentadecanoyl-ACP,14-methyl-3-oxo-pentadecanoyl-ACP,C27H49N2O9PRS,,-1,,,,,,
14-methyl-hexa-decanoyl-ACP,14-methyl-hexa-decanoyl-ACP,C28H53N2O8PRS,,-1,,,,,,
14-methyl-pentadecanoyl-ACP,14-methyl-pentadecanoyl-ACP,C27H51N2O8PRS,,-1,,,,,,
14-methyl-trans-hexa-dec-2-enoyl-ACP,14-methyl-trans-hexa-dec-2-enoyl-ACP,C28H51N2O8PRS,,-1,,,,,,
14-methyl-trans-pentadec-2-enoyl-ACP,14-methyl-trans-pentadec-2-enoyl-ACP,C27H49N2O8PRS,,-1,,,,,,
15-cis-Phytoene,15-cis-Phytoene,C40H64,,0,,C05421,,,,
15dap,Cadaverine,C5H16N2,,2,,C01672,,,,
15-methyl-3-hydroxy-hexa-decanoyl-ACP,15-methyl-3-hydroxy-hexa-decanoyl-ACP,C28H53N2O9PRS,,-1,,,,,,
15-methyl-3-oxo-hexa-decanoyl-ACP,15-methyl-3-oxo-hexa-decanoyl-ACP,C28H51N2O9PRS,,-1,,,,,,
15-methyl-hexa-decanoyl-ACP,15-methyl-hexa-decanoyl-ACP,C28H53N2O8PRS,,-1,,,,,,
15-methyl-trans-hexa-dec-2-enoyl-ACP,15-methyl-trans-hexa-dec-2-enoyl-ACP,C28H51N2O8PRS,,-1,,,,,,
1-AMINO-PROPAN-2-ONE-3-PHOSPHATE,3-Amino-2-oxopropyl phosphate,C3H8NO5P,,0,,C11638,,,,
1-anteisoheptadecanoyl-sn-glycerol 3-phosphate,1-anteisoheptadecanoyl-sn-glycerol 3-phosphate,C20H40O7P,,-1,,,,,,
1-anteisopentadecanoyl-sn-glycerol 3-phosphate,1-anteisopentadecanoyl-sn-glycerol 3-phosphate,C18H36O7P,,-1,,,,,,
1ddecg3p,1-dodecanoyl-sn-glycerol 3-phosphate,C15H30O7P,,-1,,,,,,
1hdec9eg3p,1-hexadec-9-enoyl-sn-glycerol 3-phosphate,C19H36O7P,,-1,,,,,,
1hdecg3p,1-hexadecanoyl-sn-glycerol 3-phosphate,C19H38O7P,,-1,,,,,,
1-isoheptadecanoyl-sn-glycerol 3-phosphate,1-isoheptadecanoyl-sn-glycerol 3-phosphate,C20H40O7P,,-1,,,,,,
1-isohexadecanoyl-sn-glycerol 3-phosphate,1-isohexadecanoyl-sn-glycerol 3-phosphate,C19H38O7P,,-1,,,,,,
1-isopentadecanoyl-sn-glycerol 3-phosphate,1-isopentadecanoyl-sn-glycerol 3-phosphate,C18H36O7P,,-1,,,,,,
1-isotetradecanoyl-sn-glycerol 3-phosphate,1-isotetradecanoyl-sn-glycerol 3-phosphate,C17H34O7P,,-1,,,,,,
1odec11eg3p,1-octadec-11-enoyl-sn-glycerol 3-phosphate,C21H40O7P,,-1,,,,,,
1odecg3p,1-octadecanoyl-sn-glycerol 3-phosphate,C21H42O7P,,-1,,,,,,
1p3h5c,3-Hydroxy-L-1-pyrroline-5-carboxylate,C5H6NO3,,-1,,C04281,,,,
1pipdn2c,delta1-Piperideine-2-carboxylate,C6H8NO2,,-1,,C04092,,,,
1pyr5c,1-Pyrroline-5-carboxylate,C5H6NO2,,-1,,C03912,,,,
1tdec7eg3p,1-tetradec-7-enoyl-sn-glycerol 3-phosphate,C17H32O7P,,-1,,,,,,
1tdecg3p,1-tetradecanoyl-sn-glycerol 3-phosphate,C17H34O7P,,-1,,,,,,
2_5-Diamino-6-(5'-triphosphoryl-3'_4'-trihydroxy-2'-oxopentyl)- amino-4-oxopyrimidine,"2,5-Diamino-6-(5'-triphosphoryl-3',4'-trihydroxy-2'-oxopentyl)- amino-4-oxopyrimidine",C9H15N5O14P3,,-3,,C06148,,,,
2_5-Diaminopyrimidine nucleoside triphosphate,"2,5-Diaminopyrimidine nucleoside triphosphate",C9H15N5O14P3,,-3,,C05923,,,,
23dhdp,Dihydrodipicolinate,C7H5NO4,,-2,,C03340,,,,
23dhmb,"2,3-Dihydroxy-isovalerate",C5H9O4,,-1,,C04039|C04272,,,,
23dhmp,"2,3-Dihydroxy-3-methylvalerate",C6H11O4,,-1,,C04104|C06007,,,,
25aics,SAICAR,C13H16N4O12P,,-3,,C04823|C04811,,,,
25drapp,"2,5-Diamino-6-(5'-phosphoribosylamino)-4-pyrimidineone",C9H15N5O8P,,-1,,C01304,,,,
26dap-LL,"LL-2,6-Diaminopimelate",C7H14N2O4,,0,,C00666,,,,
26dap-M,"meso-2,6-Diaminopimelate",C7H14N2O4,,0,,C00680,,,,
2ahbut,2-Aceto-2-hydroxybutanoate,C6H9O4,,-1,,C00659|C06006,,,,
2aobut,L-2-Amino-acetoacetate,C4H7NO3,,0,,C03508,,,,
2beACP,But-2-enoyl-[acyl-carrier protein],C15H25N2O8PRS,,-1,,C04246,,,,
2cpr5p,1-(2-carboxyphenylamino)-1-deoxyribulose 5-phosphate,C12H14NO9P,,-2,,C01302|C10528,,,,
2dda7p,DAHP,C7H11O10P,,-2,,C04691,,,,
2ddg6p,2-Keto-3-deoxy-6-phosphogluconate,C6H9O9P,,-2,,C04442,,,,
2dhp,2-Dehydropantoate,C6H9O4,,-1,,C00966,,,,
2dmmq8,2-Demethylmenaquinone 8,C50H70O2,,0,,,,,,
2dmmql8,2-Demethylmenaquinol 8,C50H72O2,,0,,,,,,
2dr5p,deoxyribose-5-phosphate,C5H10O7P,,-1,,C00673,,,,
2h3k5m,2-Hydroxy-3-keto-5-methylthiopentenyl-1-phosphate,C6H9O6PS,,-2,,C15651,,,,
2h3opp,Tartronate semialdehyde,C3H3O4,,-1,,C01146,,,,
2-Hydroxyethyl-ThPP,2-Hydroxyethyl-ThPP,C14H21N4O8P2S,,-1,,C05125,,,,
2-Hydroxyphenylacetate,2-Hydroxyphenylacetate,C8H7O3,,-1,,C05852,,,,
2ippm,2-Isopropylmaleate,C7H8O4,,-2,,C02631,,,,
2kmb,4-methylthio 2-oxobutyrate,C5H7O3S,,-1,,C01180,,,,
2mahmp,4-Amino-2-methyl-5-diphosphomethylpyrimidine,C6H9N3O7P2,,-2,,C04752,,,,
2mbcoa,2-Methylbutyryl-CoA,C26H41N7O17P3S,,-3,,C01033|C15980,,,,
2me4p,2-C-methyl-D-erythritol4-phosphate,C5H12O7P,,-1,,C11434,,,,
2mecdp,2-C-methyl-D-erythritol2-4-cyclodiphosphate,C5H10O9P2,,-2,,C11453,,,,
2obut,2-Oxobutyrate,C4H5O3,,-1,,C00109,,,,
2ohph,2-Octaprenyl-6-hydroxyphenol,C46H70O2,,0,,C05811,,,,
2ombz,"2-Octaprenyl-6-methoxy-1,4-benzoquinone",C47H70O3,,0,,C05813,,,,
2ommb,"2-Octaprenyl-3-methyl-6-methoxy-1,4-benzoquinone",C48H72O3,,0,,C05814,,,,
2omph,2-Octaprenyl-6-methoxyphenol,C47H72O2,,0,,C05812,,,,
2oph,2-Octaprenylphenol,C46H70O,,0,,C05810,,,,
2p4c2me,2-phospho-4--cytidine5-diphospho-2-C-methyl-D-erythritol,C14H23N3O17P3,,-3,,C11436,,,,
2pg,2-Phospho-D-glycerate,C3H5O7P,,-2,,C00631,,,,
2pglyc,2-Phosphoglycolate,C2H2O6P,,-3,,C00988,,,,
2shchc,SHCHC,C11H10O6,,-2,,C05817,,,,
2-Succinyl-5-enolpyruvyl-6-hydroxy-3-cyclohexene-1-carboxylate,2-Succinyl-5-enolpyruvyl-6-hydroxy-3-cyclohexene-1-carboxylate,C14H13O9,,-3,,C16519,,,,
2tddACP,(2E)-Dodecenoyl-[acp],C23H41N2O8PRS,,-1,,C05758,,,,
2tdeACP,(2E)-Decenoyl-[acp],C21H37N2O8PRS,,-1,,C05754,,,,
2theACP,(2E)-Hexenoyl-[acp],C17H29N2O8PRS,,-1,,C05748,,,,
2toceACP,(2E)-Octenoyl-[acp],C19H33N2O8PRS,,-1,,C05751,,,,
33hmeoxobut,2-Oxo-3-hydroxyisovalerate,C5H7O4,,-1,,C04181,,,,
34hpp,p-hydroxyphenylpyruvate,C9H7O4,,-1,,C01179,,,,
3c2hmp,3-Isopropylmalate,C7H10O5,,-2,,C04411,,,,
3c3hmp,2-Isopropylmalate,C7H10O5,,-2,,C02504,,,,
3c4mop,2-isopropyl-3-oxosuccinate,C7H8O5,,-2,,C04236,,,,
3dhq,5-Dehydroquinate,C7H9O6,,-1,,C00944,,,,
3dhsk,3-Dehydroshikimate,C7H7O5,,-1,,C02637,,,,
3hbACP,(R)-3-Hydroxybutanoyl-[acyl-carrier protein],C15H27N2O9PRS,,-1,,C04618,,,,
3hddACP,D-3-Hydroxydodecanoyl-[acp],C23H43N2O9PRS,,-1,,C05757,,,,
3hdeACP,(R)-3-Hydroxydecanoyl-[acyl-carrier protein],C21H39N2O9PRS,,-1,,C04619,,,,
3hhACP,D-3-Hydroxyhexanoyl-[acp],C17H31N2O9PRS,,-1,,C05747,,,,
3hocACP,(R)-3-Hydroxyoctanoyl-[acyl-carrier protein],C19H35N2O9PRS,,-1,,C04620,,,,
3hpaACP,R-3-hydroxypalmitoyl-acyl-carrierprotein-,C27H51N2O9PRS,,-1,,C04633,,,,
3htdACP,HMA,C25H47N2O9PRS,,-1,,C04688,,,,
3-Hydroxyoctodecanoyl-ACP,3-Hydroxyoctodecanoyl-ACP,C29H55N2O9PRS,,-1,,,,,,
3ig3p,Indoleglycerol phosphate,C11H13NO6P,,-1,,C03506,,,,
3mob,3-Methyl-2-oxobutanoate,C5H7O3,,-1,,C00141,,,,
3mop,3MOP,C6H9O3,,-1,,C03465|C00671,,,,
3ophb,3-Octaprenyl-4-hydroxybenzoate,C47H69O3,,-1,,C05809,,,,
3oxddACP,3-oxododecanoyl-acp,C23H41N2O9PRS,,-1,,C05756,,,,
3oxdeACP,3-oxodecanoyl-acp,C21H37N2O9PRS,,-1,,C05753,,,,
3oxhACP,3-Oxohexanoyl-[acp],C17H29N2O9PRS,,-1,,C05746,,,,
3oxhdACP,3-oxohexadecanoyl-acp,C27H49N2O9PRS,,-1,,C05762,,,,
3oxocACP,3-oxooctanoyl-acp,C19H33N2O9PRS,,-1,,C05750,,,,
3-Oxooctodecanoyl-ACP,3-Oxooctodecanoyl-ACP,C29H53N2O9PRS,,-1,,,,,,
3oxtdACP,3-oxotetradecanoyl-acp,C25H45N2O9PRS,,-1,,C05759,,,,
3pg,3-Phosphoglycerate,C3H5O7P,,-2,,C00197|C00597,,,,
3php,3-Phosphonooxypyruvate,C3H3O7P,,-2,,C03232,,,,
3psme,5-O--1-Carboxyvinyl-3-phosphoshikimate,C10H10O10P,,-3,,C01269,,,,
4abz,ABEE,C7H6NO2,,-1,,C00568,,,,
4adcho,ADC,C10H10NO5,,-1,,C11355,,,,
4ahmmp,Toxopyrimidine,C6H9N3O,,0,,C01279,,,,
4ampm,4-Amino-5-phosphomethyl-2-methylpyrimidine,C6H9N3O4P,,-1,,C04556,,,,
4c2me,4--cytidine5-diphospho-2-C-methyl-D-erythritol,C14H23N3O14P2,,-2,,C11435,,,,
4h2oglt,4-Hydroxy-2-oxoglutarate,C5H4O6,,-2,,C05946|C01127,,,,
4hba,4-Hydroxy-benzylalcohol,C7H8O2,,0,,,,,,
4hbz,4-Hydroxybenzoate,C7H5O3,,-1,,C00156,,,,
4hglu,4-Hydroxy-L-glutamate,C5H8NO5,,-1,,C03079|C05947,,,,
4hpro-LT,trans-4-Hydroxy-L-proline,C5H8NO3,,-1,,C01157,,,,
4hthb,4a-Hydroxytetrahydrobiopterin,C9H15N5O4,,0,,C15522,,,,
4hthr,4-Hydroxy-L-threonine,C4H9NO4,,0,,C06056,,,,
4-methyl-3-hydroxy-hexanoyl-ACP,4-methyl-3-hydroxy-hexanoyl-ACP,C18H33N2O9PRS,,-1,,,,,,
4-methyl-3-hydroxy-pentanoyl-ACP,4-methyl-3-hydroxy-pentanoyl-ACP,C17H31N2O9PRS,,-1,,,,,,
4-methyl-3-oxo-hexanoyl-ACP,4-methyl-3-oxo-hexanoyl-ACP,C18H31N2O9PRS,,-1,,,,,,
4-methyl-3-oxo-pentanoyl-ACP,4-methyl-3-oxo-pentanoyl-ACP,C17H29N2O9PRS,,-1,,,,,,
4-methyl-hexanoyl-ACP,4-methyl-hexanoyl-ACP,C18H33N2O8PRS,,-1,,,,,,
4-methyl-pentanoyl-ACP,4-methyl-pentanoyl-ACP,C17H31N2O8PRS,,-1,,,,,,
4-methyl-trans-hex-2-enoyl-ACP,4-methyl-trans-hex-2-enoyl-ACP,C18H31N2O8PRS,,-1,,,,,,
4-methyl-trans-pent-2-enoyl-ACP,4-methyl-trans-pent-2-enoyl-ACP,C17H29N2O8PRS,,-1,,,,,,
4mop,4MOP,C6H9O3,,-1,,C00233,,,,
4mpetz,4-Methyl-5--2-phosphoethyl-thiazole,C6H9NO4PS,,-1,,C04327,,,,
4-Nitrophenyl phosphate,4-Nitrophenyl phosphate,C6H5NO6P,,-1,,C03360,,,,
4pasp,4-Phospho-L-aspartate,C4H7NO7P,,-1,,C03082,,,,
4per,4-Phosphoerythronate,C4H7O8P,,-2,,C03393,,,,
4ppan,4-phosphopantothenate,C9H16NO8P,,-2,,C03492,,,,
4ppcys,(R)-4'-Phosphopantothenoyl-L-cysteine,C12H21N2O9PS,,-2,,C04352,,,,
4r5au,4--1-D-Ribitylamino-5-aminouracil,C9H16N4O6,,0,,C04732,,,,
5aizc,5'-Phosphoribosyl-4-carboxy-5-aminoimidazole,C9H13N3O9P,,-1,,C04751,,,,
5aop,5-Aminolevulinate,C5H9NO3,,0,,C00430,,,,
5aprbu,5-Amino-6--5-phosphoribitylaminouracil,C9H16N4O9P,,-1,,C04454,,,,
5apru,5-Amino-6--5-phosphoribosylaminouracil,C9H14N4O9P,,-1,,C01268,,,,
5fthf,Folinic acid,C20H21N7O7,,-2,,C03479,,,,
5-Hydroxy-2-oxo-4-ureido-2_5-dihydro-1H-imidazole-5-carboxylate,"5-Hydroxy-2-oxo-4-ureido-2,5-dihydro-1H-imidazole-5-carboxylate",C5H5N4O5,,-1,,C12248,,,,
5-Hydroxyisourate,5-Hydroxyisourate,C5H4N4O4,,0,,C11821,,,,
5mdr1p,methylthioribose-1-phosphate,C6H12O7PS,,-1,,C04188,,,,
5mdru1p,methylthioribulose-1-phosphate,C6H12O7PS,,-1,,C04582,,,,
5-methyl-3-hydroxy-hexanoyl-ACP,5-methyl-3-hydroxy-hexanoyl-ACP,C18H33N2O9PRS,,-1,,,,,,
5-methyl-3-oxo-hexanoyl-ACP,5-methyl-3-oxo-hexanoyl-ACP,C18H31N2O9PRS,,-1,,,,,,
5-methyl-hexanoyl-ACP,5-methyl-hexanoyl-ACP,C18H33N2O8PRS,,-1,,,,,,
5-methyl-trans-hex-2-enoyl-ACP,5-methyl-trans-hex-2-enoyl-ACP,C18H31N2O8PRS,,-1,,,,,,
5mta,MTA,C11H15N5O3S,,0,,C00170,,,,
5mthf,5-Methyltetrahydrofolate,C20H23N7O6,,-2,,C00440,,,,
5oxpro,5-Oxoproline,C5H6NO3,,-1,,C01879,,,,
5prdmbz,alpha-Ribazole 5'-phosphate,C14H18N2O7P,,-1,,C04778,,,,
6a2ohxnt,2-Oxo-6-aminocaproate,C6H11NO3,,0,,C03239,,,,
6hmhpt,6-hydroxymethyl dihydropterin,C7H9N5O2,,0,,C01300,,,,
6hmhptpp,"7,8-Dihydropterin pyrophosphate",C7H9N5O8P2,,-2,,C04807,,,,
6-methyl-3-hydroxy-heptanoyl-ACP,6-methyl-3-hydroxy-heptanoyl-ACP,C19H35N2O9PRS,,-1,,,,,,
6-methyl-3-hydroxy-octanoyl-ACP,6-methyl-3-hydroxy-octanoyl-ACP,C20H37N2O9PRS,,-1,,,,,,
6-methyl-3-oxo-heptanoyl-ACP,6-methyl-3-oxo-heptanoyl-ACP,C19H33N2O9PRS,,-1,,,,,,
6-methyl-3-oxo-octanoyl-ACP,6-methyl-3-oxo-octanoyl-ACP,C20H35N2O9PRS,,-1,,,,,,
6-methyl-heptanoyl-ACP,6-methyl-heptanoyl-ACP,C19H35N2O8PRS,,-1,,,,,,
6-methyl-octanoyl-ACP,6-methyl-octanoyl-ACP,C20H37N2O8PRS,,-1,,,,,,
6-methyl-trans-hept-2-enoyl-ACP,6-methyl-trans-hept-2-enoyl-ACP,C19H33N2O8PRS,,-1,,,,,,
6-methyl-trans-oct-2-enoyl-ACP,6-methyl-trans-oct-2-enoyl-ACP,C20H35N2O8PRS,,-1,,,,,,
6pgc,6-Phospho-D-gluconate,C6H11O10P,,-2,,C00345,,,,
6pgl,6-phospho-D-glucono-1-5-lactone,C6H10O9P,,-1,,C01236,,,,
7-methyl-3-hydroxy-octanoyl-ACP,7-methyl-3-hydroxy-octanoyl-ACP,C20H37N2O9PRS,,-1,,,,,,
7-methyl-3-oxo-octanoyl-ACP,7-methyl-3-oxo-octanoyl-ACP,C20H35N2O9PRS,,-1,,,,,,
7-methyl-octanoyl-ACP,7-methyl-octanoyl-ACP,C20H37N2O8PRS,,-1,,,,,,
7-methyl-trans-oct-2-enoyl-ACP,7-methyl-trans-oct-2-enoyl-ACP,C20H35N2O8PRS,,-1,,,,,,
8aonn,8-Amino-7-oxononanoate,C9H17NO3,,0,,C01092,,,,
8-methyl-3-hydroxy-decanoyl-ACP,8-methyl-3-hydroxy-decanoyl-ACP,C22H41N2O9PRS,,-1,,,,,,
8-methyl-3-hydroxy-nonanoyl-ACP,8-methyl-3-hydroxy-nonanoyl-ACP,C21H39N2O9PRS,,-1,,,,,,
8-methyl-3-oxo-decanoyl-ACP,8-methyl-3-oxo-decanoyl-ACP,C22H39N2O9PRS,,-1,,,,,,
8-methyl-3-oxo-nonanoyl-ACP,8-methyl-3-oxo-nonanoyl-ACP,C21H37N2O9PRS,,-1,,,,,,
8-methyl-decanoyl-ACP,8-methyl-decanoyl-ACP,C22H41N2O8PRS,,-1,,,,,,
8-methyl-nonanoyl-ACP,8-methyl-nonanoyl-ACP,C21H39N2O8PRS,,-1,,,,,,
8-methyl-trans-dec-2-enoyl-ACP,8-methyl-trans-dec-2-enoyl-ACP,C22H39N2O8PRS,,-1,,,,,,
8-methyl-trans-non-2-enoyl-ACP,8-methyl-trans-non-2-enoyl-ACP,C21H37N2O8PRS,,-1,,,,,,
9-methyl-3-hydroxy-decanoyl-ACP,9-methyl-3-hydroxy-decanoyl-ACP,C22H41N2O9PRS,,-1,,,,,,
9-methyl-3-oxo-decanoyl-ACP,9-methyl-3-oxo-decanoyl-ACP,C22H39N2O9PRS,,-1,,,,,,
9-methyl-decanoyl-ACP,9-methyl-decanoyl-ACP,C22H41N2O8PRS,,-1,,,,,,
9-methyl-trans-dec-2-enoyl-ACP,9-methyl-trans-dec-2-enoyl-ACP,C22H39N2O8PRS,,-1,,,,,,
aact,Aminoacetone,C3H8NO,,1,,C01888,,,,
ac,Acetate,C2H3O2,,-1,,C00033,,,,
acACP,Acetyl-ACP,C13H23N2O8PRS,,-1,,C03939,,,,
acald,Acetaldehyde,C2H4O,,0,,C00084,,,,
accoa,Acetyl-CoA,C23H35N7O17P3S,,-3,,C00024,,,,
acg5p,n-acetylglutamyl-phosphate,C7H10NO8P,,-2,,C04133,,,,
acg5sa,2-Acetamido-5-oxopentanoate,C7H10NO4,,-1,,C01250,,,,
acgam,N-Acetyl-D-glucosamine,C8H15NO6,,0,,C00140,,,,
acgam1p,N-Acetyl-D-glucosamine1-phosphate,C8H15NO9P,,-1,,C04501|C04256,,,,
acgam6p,N-Acetyl-D-glucosamine 6-phosphate,C8H15NO9P,,-1,,C00357,,,,
acglu,N-Acetyl-L-glutamate,C7H9NO5,,-2,,C00624,,,,
acmam,N-Acetyl-D-muramoate,C11H18NO8,,-1,,,,,,
acmama,N-Acetylmuramoyl-Ala,C14H23N2O9,,-1,,C02999,,,,
acmana,N-Acetyl-D-mannosamine,C8H15NO6,,0,,C00645,,,,
acmanap,N-Acetylmannosamine 6-phosphate,C8H15NO9P,,-1,,C04257,,,,
acnam,Neu5Ac,C11H18NO9,,-1,,C00270,,,,
acon-C,cis-Aconitate,C6H3O6,,-3,,C00417,,,,
acorn,N-Acetylornithine,C7H14N2O3,,0,,C00437,,,,
ACP,ACP,C11H21N2O7PRS,,-1,,C00229,,,,
acser,O-Acetyl-L-serine,C5H9NO4,,0,,C00979,,,,
actACP,Acetoacetyl-ACP,C15H25N2O9PRS,,-1,,C05744,,,,
adcobdam,Adenosyl cobyrinate diamide,C55H69CoN11O15,,-3,,C06506,,,,
adcobhex,Adenosylcobyric acid,C55H77CoN15O11,,1,,C06507,,,,
ade,Adenine,C5H5N5,,0,,C00147,,,,
adhlam,S-Acetyldihydrolipoamide,C10H19NO2S2,,0,,C16255|C01136,,,,
adn,Adenosine,C10H13N5O4,,0,,C00212,,,,
adocbi,Adenosyl cobinamide,C58H85CoN16O11,,2,,C06508,,,,
adocbip,Adenosyl cobinamide phosphate,C58H84CoN16O14P,,0,,C06509,,,,
adocbl,Calomide,C72H101CoN18O17P,,1,,C00194,,,,
adp[c],ADP,C10H15N5O10P2,C10H12N5O10P2,-3,Cytosol,C00008,,,,
adpglc,ADPglucose,C16H23N5O15P2,,-2,,C00498,,,,
adphep-D_D,ADP-D-glycero-D-manno-heptose,C17H25N5O16P2,,-2,,C06397,,,,
adphep-L,ADP-L-glycero-D-manno-heptose,C17H25N5O16P2,,-2,,C06398,,,,
adprib,ADPribose,C15H21N5O14P2,,-2,,,,,,
agdpcbi,Adenosylcobinamide-GDP,C68H96CoN21O21P2,,0,,C06510,,,,
agm,Agmatine,C5H16N4,,2,,C00179,,,,
ahcys,S-Adenosyl-homocysteine,C14H20N6O5S,,0,,C00021,,,,
ahdt,"7,8-Dihydroneopterin 3'-triphosphate",C9H13N5O13P3,,-3,,C04895,,,,
aicar,AICAR,C9H14N4O8P,,-1,,C04677,,,,
air,AIR,C8H14N3O7P,,0,,C03373,,,,
akg,2-Oxoglutarate,C5H4O5,,-2,,C00026,,,,
alaala,Ala-Ala,C6H12N2O3,,0,,C00993,,,,
ala-B,beta-Alanine,C3H7NO2,,0,,C00099,,,,
alac-S,ALCTT,C5H7O4,,-1,,C06010|C00900,,,,
ala-D,D-Alanine,C3H7NO2,,0,,C00133,,,,
ala-L,L-Alanine,C3H7NO2,,0,,C00041,,,,
ala-L-asp-L,ala-L-asp-L,C7H11N2O5,,-1,,,,,,
ala-L-gln-L,Ala-Gln,C8H15N3O4,,0,,,,,,
ala-L-glu-L,ala-L-glu-L,C8H13N2O5,,-1,,,,,,
ala-L-his-L,Ala-His,C9H14N4O3,,0,,,,,,
ala-L-leu-L,Ala-Leu,C9H18N2O3,,0,,,,,,
ala-L-Thr-L,ala-L-Thr-L,C7H14N2O4,,0,,,,,,
alltn,Allantoin,C4H6N4O3,,0,,C01551|C02350,,,,
alpro,S-Aminomethyldihydrolipoylprotein,C2H7NRS2,,1,,C01242,,,,
amet,S-Adenosyl-L-methionine,C15H23N6O5S,,1,,C00019,,,,
ametam,S-Adenosylmethioninamine,C14H24N6O3S,,2,,C01137,,,,
amopbut-L,2-Amino-3-oxo-4-phosphonooxybutyrate,C4H7NO7P,,-1,,C07335,,,,
amp,AMP,C10H13N5O7P,,-1,,C00020,,,,
Anteisoheptadecanoyllipoteichoic acid (n=24)_ linked_ N-acetyl-D-glucosamine,"Anteisoheptadecanoyllipoteichoic acid (n=24), linked, N-acetyl-D-glucosamine",C313H548N24O255P24,,-24,,,,,,
Anteisoheptadecanoyllipoteichoic acid (n=24)_ linked_ unsubstituted,"Anteisoheptadecanoyllipoteichoic acid (n=24), linked, unsubstituted",C121H236O135P24,,-24,,,,,,
Anteisopentadecanoyllipoteichoic acid (n=24)_ linked_ N-acetyl-D-glucosamine,"Anteisopentadecanoyllipoteichoic acid (n=24), linked, N-acetyl-D-glucosamine",C309H540N24O255P24,,-24,,,,,,
Anteisopentadecanoyllipoteichoic acid (n=24)_ linked_ unsubstituted,"Anteisopentadecanoyllipoteichoic acid (n=24), linked, unsubstituted",C117H228O135P24,,-24,,,,,,
anth,Anthranilate,C7H6NO2,,-1,,C00108,,,,
ap4a,"P1,P4-Bis(5'-adenosyl) tetraphosphate",C20H24N10O19P4,,-4,,C01260,,,,
apoACP,apo-ACP,HOR,,0,,C03688,,,,
aps,APS,C10H12N5O10PS,,-2,,C00224,,,,
arg-asp-L,L-arginine-L-aspartate monomer of cyanophycin,C10H20N5O5,,0,,,,,,
arg-L,L-Arginine,C6H15N4O2,,1,,C00062|C02385,,,,
argsuc,L-Argininosuccinate,C10H17N4O6,,-1,,C03406,,,,
arsna,Arsenate,AsHO4,,-2,,C01478,,,,
arsni2,arsenite,AsH3O3,,0,,C06697,,,,
asn-L,L-Asparagine,C4H8N2O3,,0,,C00152,,,,
asp-L,L-Aspartate,C4H6NO4,,-1,,C00049|C16433,,,,
aspsa,L-Aspartate4-semialdehyde,C4H7NO3,,0,,C00441,,,,
atp[c],ATP,C10H16N5O13P3,C10H12N5O13P3,-4,Cytosol,C00002,,,,
Biomass,Biomass,,,0,,,,,,
btamp,Biotinyl-5-AMP,C20H27N7O9PS,,-1,,C05921,,,,
btn,BIOT,C10H15N2O3S,,-1,,C00120,,,,
btn_cbxl,Holo-[carboxylase],C17H27N5O4R2S,,0,,C06250,,,,
btn_co2,Carboxybiotin-carboxyl-carrier protein,C18H26N5O6R2S,,-1,,C04419,,,,
butACP,Butyryl-ACP,C15H27N2O8PRS,,-1,,C05745,,,,
C18:2,,C18H31O2,,-1,,,,,,
C18:2-ACP,C18:2-ACP,C29H51N2O8PRS,,-1,,,,,,
C18:3,,C18H29O2,,-1,,,,,,
C18:3-ACP,C18:3-ACP,C29H49N2O8PRS,,-1,,,,,,
ca2,Ca2+,Ca,,2,,C00076,,,,
camp,cAMP,C10H11N5O6P,,-1,,C00575,,,,
Carbamate,Carbamate,CH2NO2,,-1,,C01563,,,,
cbasp,N-Carbamoyl-L-aspartate,C5H6N2O5,,-2,,C00438,,,,
cbl1,Cbl,C62H89CoN13O14P,,0,,C00853,,,,
cbl2,Vitamin B12r,C62H89CoN13O14P,,1,,C00541,,,,
cbp,Carbamoylphosphate,CH3NO5P,,-1,,C00169,,,,
cbs_374,isobutyryl-ACP,C15H27N2O8PRS,,-1,,,,,,
cbs_378,isovaleryl-ACP,C16H29N2O8PRS,,-1,,,,,,
cbs_412,L-Histidinal,C6H10N3O,,1,,C01929,,,,
cbs_99,2-methylbutyryl-ACP,C16H29N2O8PRS,,-1,,,,,,
cd2,Cd2+,Cd,,2,,C01413,,,,
cdp,CDP,C9H13N3O11P2,,-2,,C00112,,,,
CDP-1_2-dianteisoheptadecanoylglycerol,"CDP-1,2-dianteisoheptadecanoylglycerol",C46H83N3O15P2,,-2,,,,,,
CDP-1_2-dianteisopentadecanoylglycerol,"CDP-1,2-dianteisopentadecanoylglycerol",C42H75N3O15P2,,-2,,,,,,
CDP-1_2-diisoheptadecanoylglycerol,"CDP-1,2-diisoheptadecanoylglycerol",C46H83N3O15P2,,-2,,,,,,
CDP-1_2-diisohexadecanoylglycerol,"CDP-1,2-diisohexadecanoylglycerol",C44H79N3O15P2,,-2,,,,,,
CDP-1_2-diisopentadecanoylglycerol,"CDP-1,2-diisopentadecanoylglycerol",C42H75N3O15P2,,-2,,,,,,
CDP-1_2-diisotetradecanoylglycerol,"CDP-1,2-diisotetradecanoylglycerol",C40H71N3O15P2,,-2,,,,,,
cdpdddecg,"CDP-1,2-didodecanoylglycerol",C36H63N3O15P2,,-2,,,,,,
cdpdhdec9eg,"CDP-1,2-dihexadec-9-enoylglycerol",C44H75N3O15P2,,-2,,,,,,
cdpdhdecg,"CDP-1,2-dihexadecanoylglycerol",C44H79N3O15P2,,-2,,,,,,
cdpdodec11eg,"CDP-1,2-dioctadec-11-enoylglycerol",C48H83N3O15P2,,-2,,,,,,
cdpdodecg,"CDP-1,2-dioctadecanoylglycerol",C48H87N3O15P2,,-2,,,,,,
cdpdtdec7eg,"CDP-1,2-ditetradec-7-enoylglycerol",C40H67N3O15P2,,-2,,,,,,
cdpdtdecg,"CDP-1,2-ditetradecanoylglycerol",C40H71N3O15P2,,-2,,,,,,
cell,Cellulose,C6H10O5,,0,,C00760,,,,
cgly,Cys-Gly,C5H10N2O3S,,0,,C01419,,,,
chitob,Chitobiose,C16H28N2O11,,0,,C01674,,,,
Chlorophyll a,Chlorophyll a,C55H71N4O5Mg,,0,,C05306,,,,
Chlorophyllide,Chlorophyllide,C35H33N4O5Mg,,0,,C02139,,,,
chol,Choline,C5H14NO,,1,,C00114,,,,
chor,Chorismate,C10H8O6,,-2,,C00251,,,,
cico,2-Methylmaleate,C5H4O4,,-2,,C02226,,,,
cima,citramalate,C5H6O5,,-2,,C02612,,,,
cit,Citrate,C6H5O7,,-3,,C00158,,,,
citb6,cytochrome b6f oxidized,,,0,,,,,,
citb6*,cytochrome b6f reduced,,,0,,,,,,
citr-L,Citrulline,C6H13N3O3,,0,,C00327,,,,
cl,Cl-,Cl,,-1,,C00698|C01327,,,,
cmp,CMP,C9H13N3O8P,,-1,,C00055,,,,
CMP-N-acetylneuraminate,CMP-N-acetylneuraminate,C20H29N4O16P,,-2,,C00128,,,,
co2,CO2,CO2,,0,,C00011,,,,
co2dam,Cob(II)yrinate diamide,C45H57CoN6O12,,-3,,C06504,,,,
coa,CoA,C21H33N7O16P3S,,-3,,C00010,,,,
cobalt2,Co2+,Co,,2,,C00175,,,,
Cobalt-precorrin 7,Cobalt-precorrin 7,C45H50CoN4O16,,-6,,C16244,,,,
cobya,Cobyrinate,C45H53CoN4O14,,-5,,C05773,,,,
copre2,Cobalt-precorrin 2,C42H40CoN4O16,,-6,,C11538,,,,
copre8,Cobalt-precorrin 8,C45H53CoN4O14,,-5,,C11545,,,,
CPD-659,Pretyrosine,C10H12NO5,,-1,,C00826,,,,
cpppg1,CoproporphyrinogenI,C36H40N4O8,,-4,,C05768,,,,
cpppg3,CoproporphyrinogenIII,C36H40N4O8,,-4,,C03263,,,,
ctp,CTP,C9H13N3O14P3,,-3,,C00063,,,,
cu2,Cu2+,Cu,,2,,C00070,,,,
cynt,Cyanate,CNO,,-1,,C01417,,,,
cys-L,L-Cysteine,C3H7NO2S,,0,,C00097,,,,
Cystathionine,Cystathionine,,,0,,C02291,,,,
Cytidine,Cytidine,C9H13N3O5,,0,,C00491|C00475|C00542|C02291,,,,
dad-2,Deoxyadenosine,C10H13N5O3,,0,,C00559,,,,
dad-5,5'-Deoxyadenosine,C10H13N5O3,,0,,C05198,,,,
dadp,dADP,C10H13N5O9P2,,-2,,C00206,,,,
damp,dAMP,C10H13N5O6P,,-1,,C00360,,,,
dann,7-8-Diaminononanoate,C9H21N2O2,,1,,C01037,,,,
datp,dATP,C10H13N5O12P3,,-3,,C00131,,,,
db4p,3-4-dihydroxy-2-butanone4-phosphate,C4H8O6P,,-1,,C15556,,,,
dcamp,Adenylosuccinate,C14H15N5O11P,,-3,,C03794,,,,
dcdp,dCDP,C9H13N3O10P2,,-2,,C00705,,,,
dcmp,dCMP,C9H13N3O7P,,-1,,C00239,,,,
dctp,dCTP,C9H13N3O13P3,,-3,,C00458,,,,
dcyt,Deoxycytidine,C9H13N3O4,,0,,C00881,,,,
ddcaACP,Dodecanoyl-ACP,C23H43N2O8PRS,,-1,,C05223,,,,
decACP,Decanoyl-ACP,C21H39N2O8PRS,,-1,,C05755,,,,
Demethylphylloquinone,Demethylphylloquinone,C30H44O2,,0,,C13309,,,,
dgdp,dGDP,C10H13N5O10P2,,-2,,C00361,,,,
dgmp,dGMP,C10H13N5O7P,,-1,,C00362,,,,
dgsn,Deoxyguanosine,C10H13N5O4,,0,,C00330,,,,
dgtp,dGTP,C10H13N5O13P3,,-3,,C00286,,,,
dha,Glycerone,C3H6O3,,0,,C00184,,,,
dhap,Glycerone-phosphate,C3H6O6P,,-1,,C00111,,,,
dhbpt,Dihydrobiopterin,C9H13N5O3,,0,,C00268,,,,
dhf,Dihydrofolate,C19H19N7O6,,-2,,C00415,,,,
dhlam,Dihydrolipoamide,C8H17NOS2,,0,,C00579|C15973,,,,
dhlpro,Dihydrolipolprotein,CH3RS2,,0,,C02972,,,,
dhna,1-4-Dihydroxy-2-naphthoate,C11H7O4,,-1,,C03657,,,,
dhnpt,Dihydroneopterin,C9H13N5O4,,0,,C04874,,,,
dhor-S,S-Dihydroorotate,C5H5N2O4,,-1,,C00337,,,,
dhpt,Dihydropteroate,C14H13N6O3,,-1,,C00921,,,,
Dianteisoheptadecanoylphosphatidylglycerophosphate,Dianteisoheptadecanoylphosphatidylglycerophosphate,C40H78O13P2,,-2,,,,,,
Dianteisopentadecanoylphosphatidylglycerophosphate,Dianteisopentadecanoylphosphatidylglycerophosphate,C36H70O13P2,,-2,,,,,,
Diisoheptadecanoylphosphatidylglycerophosphate,Diisoheptadecanoylphosphatidylglycerophosphate,C40H78O13P2,,-2,,,,,,
Diisohexadecanoylphosphatidylglycerophosphate,Diisohexadecanoylphosphatidylglycerophosphate,C38H74O13P2,,-2,,,,,,
Diisopentadecanoylphosphatidylglycerophosphate,Diisopentadecanoylphosphatidylglycerophosphate,C36H70O13P2,,-2,,,,,,
Diisotetradecanoylphosphatidylglycerophosphate,Diisotetradecanoylphosphatidylglycerophosphate,C34H66O13P2,,-2,,,,,,
dimp,dIMP,C10H12N4O7P,,-1,,C06196,,,,
ditp,dITP,C10H12N4O13P3,,-3,,C01345,,,,
Divinyl chlorophyllide a,Divinyl chlorophyllide a,C35H31N4O5Mg,,0,,C11832,,,,
Divinylprotochlorophyllide,Divinylprotochlorophyllide,C35H28N4O5Mg,,-1,,C11831,,,,
dkmpp,"2,3-diketo5-methylthio-1-phosphopentane",C6H10O6PS,,-1,,C15650,,,,
dmbzid,Dimethylbenzimidazole,C9H10N2,,0,,C03114,,,,
dmlz,6-7-Dimethyl-8--1-D-ribityllumazine,C13H18N4O6,,0,,C04332,,,,
dmpp,DMAPP,C5H10O7P2,,-2,,C00235|C17627,,,,
dnad,Deamido-NAD,C21H24N6O15P2,,-2,,C00857,,,,
dnarep,DNA replication,,,0,,,,,,
dpcoa,Dephospho-CoA,C21H33N7O13P2S,,-2,,C00882,,,,
dtbt,Dethiobiotin,C10H17N2O3,,-1,,C01909,,,,
dtdp,dTDP,C10H14N2O11P2,,-2,,C00363,,,,
dtdp4d6dg,dTDP-4-oxo-6-deoxy-D-glucose,C16H22N2O15P2,,-2,,C11907,,,,
dtdpglu,dTDPglucose,C16H24N2O16P2,,-2,,C00842,,,,
dtmp,dTMP,C10H14N2O8P,,-1,,C00364,,,,
dttp,TTP,C10H14N2O14P3,,-3,,C00459,,,,
dudp,dUDP,C9H12N2O11P2,,-2,,C01346,,,,
dump,dUMP,C9H12N2O8P,,-1,,C00365,,,,
duri,Deoxyuridine,C9H12N2O5,,0,,C00526,,,,
dutp,dUTP,C9H12N2O14P3,,-3,,C00460,,,,
dxyl5p,1-deoxy-D-xylulose5-phosphate,C5H10O7P,,-1,,C11437,,,,
e4p,D-Erythrose4-phosphate,C4H8O7P,,-1,,C00279,,,,
eig3p,D-erythro-imidazol-glycerol-phosphate,C6H10N2O6P,,-1,,C04666,,,,
emma,D-erythro-3-Methylmalate,C5H6O5,,-2,,C06032,,,,
etha,Aminoethanol,C2H8NO,,1,,C00189,,,,
etoh,Ethanol,C2H6O,,0,,C00469,,,,
f1p,fructose-1-phosphate,C6H12O9P,,-1,,C01094|C02976,,,,
f6p,Fructose-6-phosphate,C6H12O9P,,-1,,C05345|C00085,,,,
fa1,fa1,C14H27O2,,-1,,,,,,
fa11,fa11,C17H33O2,,-1,,,,,,
fa11coa,fa11coa,C38H65N7O17P3S,,-3,,,,,,
fa12,fa12,C17H33O2,,-1,,,,,,
fa12coa,fa12coa,C38H65N7O17P3S,,-3,,,,,,
fa1coa,fa1coa,C35H59N7O17P3S,,-3,,,,,,
fa3,fa3,C15H29O2,,-1,,,,,,
fa3coa,fa3coa,C36H61N7O17P3S,,-3,,,,,,
fa4,fa4,C15H29O2,,-1,,,,,,
fa4coa,fa4coa,C36H61N7O17P3S,,-3,,,,,,
fa6,fa6,C16H31O2,,-1,,,,,,
fa6coa,fa6coa,C37H63N7O17P3S,,-3,,,,,,
fad,FAD,C27H31N9O15P2,,-2,,C00016,,,,
fadh2,FADH2,C27H33N9O15P2,,-2,,C01352,,,,
fdp,D-Fructose1-6-bisphosphate,C6H12O12P2,,-2,,C00354|C05378,,,,
fdxox,Oxidizedferredoxin,Fe2R4S6,,6,,C00139,,,,
fdxrd,Reducedferredoxin,Fe2R4S6,,4,,C00138,,,,
fe2,Fe2+,Fe,,2,,C14818,,,,
fe3,fe3,Fe,,3,,C14819,,,,
fe3dcit,Fe(III)dicitrate,C12H22FeO14,,0,,C06229,,,,
fgam,N-Formyl-GAR,C8H14N2O9P,,-1,,C04376,,,,
ficytc,Cytochrome c3+,C42H52FeN8O6S2,,5,,C01070|C00125,,,,
fmet,N-Formyl-L-methionine,C6H10NO3S,,-1,,C03145,,,,
fmn,FMN,C17H20N4O9P,,-1,,C00061,,,,
FNR,,,,0,,,,,,
FNR*,,,,-1,,,,,,
focytc,Cytochrome c2+,C42H52FeN8O6S2,,4,,C01071|C00126,,,,
fol,FOL,C19H17N7O6,,-2,,C00504,,,,
for,Formate,CHO2,,-1,,C00058,,,,
Formamidopyrimidine nucleoside triphosphate,Formamidopyrimidine nucleoside triphosphate,C10H15N5O15P3,,-3,,C05922,,,,
fpram,5'-Phosphoribosylformylglycinamidine,C8H16N3O8P,,0,,C04640,,,,
fprica,FAICAR,C10H14N4O9P,,-1,,C04734,,,,
frdp,Farnesyldiphosphate,C15H26O7P2,,-2,,C00448,,,,
fru,Fructose,C6H12O6,,0,,C10906|C01496|C00095|C02336,,,,
fum,Fumarate,C4H2O4,,-2,,C00122,,,,
g1p,Glucose-1-phosphate,C6H12O9P,,-1,,C00103,,,,
g1p-B,beta-D-Glucose 1-phosphate,C6H12O9P,,-1,,C00663,,,,
g3p,Glyceraldehyde3-phosphate,C3H6O6P,,-1,,C00118|C00661,,,,
g3pc,Glycerophosphocholine,C8H20NO6P,,0,,C00670,,,,
g3pe,Glycerophosphoethanolamine,C5H14NO6P,,0,,C01233,,,,
g3pg,Glycerophosphoglycerol,C6H14O8P,,-1,,C03274,,,,
g6p,Glucose-6-phosphate,C6H12O9P,,-1,,C00668|C00092,,,,
g6p-B,beta-D-Glucose 6-phosphate,C6H12O9P,,-1,,C01172,,,,
gam1p,D-Glucosamine1-phosphate,C6H14NO8P,,0,,C06156,,,,
gam6p,D-Glucosamine phosphate,C6H14NO8P,,0,,C00352,,,,
gamma-Glutamyl-3-aminopropiononitrile,gamma-Glutamyl-3-aminopropiononitrile,C8H13N3O3,,0,,C06114,,,,
gamma-Glutamyl-beta-cyanoalanine,gamma-Glutamyl-beta-cyanoalanine,C9H12N3O5,,-1,,C05711,,,,
gar,GAR,C7H15N2O8P,,0,,C03838,,,,
gcald,Glycolaldehyde,C2H4O2,,0,,C00266,,,,
gdp,GDP,C10H13N5O11P2,,-2,,C00035,,,,
gdpddm,GDP-4-dehydro-6-deoxy-D-mannose,C16H21N5O15P2,,-2,,C01222,,,,
gdpdp,"Guanosine 3',5'-bis(diphosphate)",C10H13N5O17P4,,-4,,C01228,,,,
gdpmann,GDP-mannose,C16H23N5O16P2,,-2,,C00096,,,,
gdpofuc,GDP-4-dehydro-6-deoxy-D-fructose,C16H21N5O15P2,,-2,,,,,,
gdptp,"Guanosine 5'-triphosphate,3'-diphosphate",C10H13N5O20P5,,-5,,C04494,,,,
ggdp,Geranylgeranyl diphosphate,C20H34O7P2,,-2,,C00353,,,,
glc-D,D-Glucose,C6H12O6,,0,,C00267|C00293|C00031,,,,
glc-D-B,beta-D-Glucose,C6H12O6,,0,,C00221,,,,
gln-L,L-Glutamine,C5H10N2O3,,0,,C00064,,,,
glu1sa,L-Glutamate1-semialdehyde,C5H9NO3,,0,,C03741,,,,
glu5p,L-Glutamyl 5-phosphate,C5H9NO7P,,-1,,C03287,,,,
glu5sa,L-Glutamate5-semialdehyde,C5H9NO3,,0,,C01165,,,,
glucys,gamma-Glutamylcysteine,C8H13N2O5S,,-1,,C00669,,,,
glu-D,D-Glutamate,C5H8NO4,,-1,,C00217,,,,
glu-L,L-Glutamate,C5H8NO4,,-1,,C00025|C00302,,,,
glutrna,L-Glutamyl-tRNA-Glu,C15H19N6O6R,,0,,C02987,,,,
glx,Glyoxalate,C2HO3,,-1,,C00048,,,,
gly,Glycine,C2H5NO2,,0,,C00037,,,,
glyald,D-Glyceraldehyde,C3H6O3,,0,,C00577,,,,
gly-asn-L,gly-asn-L,C6H11N3O4,,0,,,,,,
gly-asp-L,gly-asp-L,C6H9N2O5,,-1,,,,,,
glyc,Glycerol,C3H8O3,,0,,C00116,,,,
glyc3p,Glycerol-3-phosphate,C3H8O6P,,-1,,C00623|C00093,,,,
glyclt,Glycolate,C2H3O3,,-1,,C00160,,,,
glycogen,Glycogen,C30H52O26,,0,,C00182,,,,
glycogenb,glycogen(n-1),C24H42O21,,0,,,,,,
glyc-R,Glycerate,C3H5O4,,-1,,C00258,,,,
gly-cys-L,Gly-Cys,C5H10N2O3S,,0,,,,,,
gly-gln-L,Gly-Gln,C7H13N3O4,,0,,,,,,
gly-glu-L,gly-glu-L,C7H11N2O5,,-1,,,,,,
gly-leu-L,Gly-Leu,C8H16N2O3,,0,,,,,,
gly-met-L,Gly-Met,C7H14N2O3S,,0,,,,,,
gly-phe-L,Gly-Phe,C11H14N2O3,,0,,,,,,
gly-pro-L,gly-pro-L,C7H12N2O3,,0,,,,,,
Gly-Tyr,Gly-Tyr,C11H14N2O4,,0,,,,,,
gmhep17bp,D-Glycero-D-manno-heptose1-7-bisphosphate,C7H14O13P2,,-2,,C11472,,,,
gmhep1p,D-Glycero-D-manno-heptose1-phosphate,C7H14O10P,,-1,,C07838,,,,
gmhep7p,D-Glycero-D-manno-heptose7-phosphate,C7H14O10P,,-1,,C07836,,,,
gmp,GMP,C10H13N5O8P,,-1,,C00144,,,,
grdp,Geranyldiphosphate,C10H18O7P2,,-2,,C00341,,,,
gsn,Guanosine,C10H13N5O5,,0,,C00387,,,,
gthox,Oxidized glutathione,C20H30N6O12S2,,-2,,C00127,,,,
gthrd,GSH,C10H16N3O6S,,-1,,C00051,,,,
gtp,GTP,C10H13N5O14P3,,-3,,C00044,,,,
h[c],H+,H,H,1,Cytosol,C00080,,,,
h[u],H+,H,H,1,Thylakoid,C00080,,,,
H2,hydrogen,,,0,,,,,,
h2mb4p,1-Hydroxy-2-methyl-2-butenyl 4-diphosphate,C5H10O8P2,,-2,,C11811,,,,
h2o[c],H2O,H2O,H2O,0,Cytosol,C00001|C01328,,,,
h2o2,H2O2,H2O2,,0,,C00027,,,,
h2s,H2S,H2S,,0,,C00297|C00283,,,,
hco3,H2CO3,CHO3,,-1,,C01353|C00288,,,,
hcys-L,Homocysteine,C4H9NO2S,,0,,C05330|C00155,,,,
hdca,Palmitate,C16H31O2,,-1,,C00249,,,,
hdcea,hexadecenoate,C16H29O2,,-1,,,,,,
hdcoa,Hexadecenoyl-CoA,C37H61N7O17P3S,,-3,,,,,,
hdeACP,Hexadecenoyl-ACP,C27H49N2O8PRS,,-1,,,,,,
hedacp,hexadecanoyl-acp,C27H51N2O8PRS,,-1,,C05764,,,,
hemeA,heme A,C49H54FeN4O6,,-6,,C15670,,,,
hemeO,hemeO,C49H56FeN4O5,,-2,,C15672,,,,
hepdp,all-trans-Heptaprenyl diphosphate,C35H58O7P2,,-2,,C04216,,,,
hexACP,Hexanoyl-ACP,C17H31N2O8PRS,,-1,,C05749,,,,
hexdp,all-trans-Hexaprenyl diphosphate,C30H50O7P2,,-2,,C01230,,,,
hg0,Mercury (uncharged),Hg,,0,,C01319,,,,
hg2,Hg2+,Hg,,2,,C00703,,,,
hgbam,Hydrogenobyrinate diamide,C45H58N6O12,,-4,,C06503,,,,
hgbyr,Hydrogenobyrinate,C45H54N4O14,,-6,,C06399,,,,
hhlipa,heptosyl-heptosyl-kdo2-lipidA,C124H222N2O51P2,,-4,,,,,,
his-L,L-Histidine,C6H9N3O2,,0,,C00135,,,,
hisp,L-histidinol-phosphate,C6H12N3O4P,,0,,C01100,,,,
histd,L-Histidinol,C6H12N3O,,1,,C00860,,,,
hlipa,heptosyl-kdo2-lipidA,C117H210N2O45P2,,-4,,,,,,
hmbil,Hydroxymethylbilane,C40H38N4O17,,-8,,C01024,,,,
hom-L,L-Homoserine,C4H9NO3,,0,,C00263,,,,
homogentisate,homogentisate,,,0,,C00544,,,,
hpyr,Hydroxypyruvate,C3H3O4,,-1,,C00168,,,,
iasp,Iminoaspartate,C4H3NO4,,-2,,C05840,,,,
ibcoa,Isobutyryl-CoA,C25H39N7O17P3S,,-3,,C00630,,,,
ichor,Isochorismate,C10H8O6,,-2,,C00885,,,,
icit,Isocitrate,C6H5O7,,-3,,C00311,,,,
idp,IDP,C10H12N4O11P2,,-2,,C00104,,,,
ile-L,L-Isoleucine,C6H13NO2,,0,,C00407,,,,
imacp,imidazole acetol-phosphate,C6H8N2O5P,,-1,,C01267,,,,
Iminoglycine,Iminoglycine,C2H2NO2,,-1,,C15809,,,,
imp,IMP,C10H12N4O8P,,-1,,C00130,,,,
indole,indol,C8H7N,,0,,C00463,,,,
inost,L-Inositol,C6H12O6,,0,,C00137|C06151,,,,
ins,Inosine,C10H12N4O5,,0,,C00294,,,,
ipdp,Isopentenyldiphosphate,C5H10O7P2,,-2,,C00129,,,,
Isoheptadecanoyllipoteichoic acid (n=24)_ linked_ N-acetyl-D-glucosamine,"Isoheptadecanoyllipoteichoic acid (n=24), linked, N-acetyl-D-glucosamine",C313H548N24O255P24,,-24,,,,,,
Isoheptadecanoyllipoteichoic acid (n=24)_ linked_ unsubstituted,"Isoheptadecanoyllipoteichoic acid (n=24), linked, unsubstituted",C121H236O135P24,,-24,,,,,,
Isohexadecanoyllipoteichoic acid (n=24)_ linked_ N-acetyl-D-glucosamine,"Isohexadecanoyllipoteichoic acid (n=24), linked, N-acetyl-D-glucosamine",C311H544N24O255P24,,-24,,,,,,
Isohexadecanoyllipoteichoic acid (n=24)_ linked_ unsubstituted,"Isohexadecanoyllipoteichoic acid (n=24), linked, unsubstituted",C119H232O135P24,,-24,,,,,,
Isopentadecanoyllipoteichoic acid (n=24)_ linked_ N-acetyl-D-glucosamine,"Isopentadecanoyllipoteichoic acid (n=24), linked, N-acetyl-D-glucosamine",C309H540N24O255P24,,-24,,,,,,
Isopentadecanoyllipoteichoic acid (n=24)_ linked_ unsubstituted,"Isopentadecanoyllipoteichoic acid (n=24), linked, unsubstituted",C117H228O135P24,,-24,,,,,,
Isotetradecanoyllipoteichoic acid (n=24)_ linked_ N-acetyl-D-glucosamine,"Isotetradecanoyllipoteichoic acid (n=24), linked, N-acetyl-D-glucosamine",C307H536N24O255P24,,-24,,,,,,
Isotetradecanoyllipoteichoic acid (n=24)_ linked_ unsubstituted,"Isotetradecanoyllipoteichoic acid (n=24), linked, unsubstituted",C115H224O135P24,,-24,,,,,,
itp,ITP,C10H12N4O14P3,,-3,,C00081,,,,
ivcoa,Isovaleryl-CoA,C26H41N7O17P3S,,-3,,C02939,,,,
k,K+,K,,1,,C00238,,,,
L2aadp6sa,2-Aminoadipate 6-semialdehyde,C6H11NO3,,0,,C04076,,,,
L-2-Amino-6-oxopimelate,L-2-Amino-6-oxopimelate,C7H10NO5,,-1,,C03871,,,,
L-3-Cyanoalanine,L-3-Cyanoalanine,C4H6N2O2,,0,,C02512,,,,
lac-D,D-Lactate,C3H5O3,,-1,,C00256,,,,
lac-L,LCTT,C3H5O3,,-1,,C00186,,,,
L-alagly,L-alanylglycine,C5H10N2O3,,0,,,,,,
lald-L,L-Lactaldehyde,C3H6O2,,0,,C00424,,,,
leu-L,L-Leucine,C6H13NO2,,0,,C00123,,,,
lgt-S,(R)-S-Lactoylglutathione,C13H20N3O8S,,-1,,C03451,,,,
lipidA,Lipid A disaccharide,C68H128N2O20P,,-1,,C04932,,,,
lipidX,Lipid X,C34H65NO12P,,-1,,C04824,,,,
Lipoyl-AMP,Lipoyl-AMP,C18H25N5O8PS2,,-1,,C16238,,,,
lipt,Lipoate,C8H13O2S2,,-1,,C00725,,,,
lpam,Lipoamide,C8H15NOS2,,0,,C15972|C00248,,,,
lpro,Lipoylprotein,CHRS2,,0,,C02051,,,,
lyc,Lycopene,C40H56,,0,,C05432,,,,
lys-L,L-Lysine,C6H15N2O2,,1,,C00047|C16440,,,,
malACP,Malonyl-acyl-carrierprotein-,C14H22N2O10PRS,,-2,,C01209,,,,
malcoa,Malonyl-CoA,C24H34N7O19P3S,,-4,,C00083,,,,
mal-L,L-Malate,C4H4O5,,-2,,C00711|C00149,,,,
malt,Maltose,C12H22O11,,0,,C00208,,,,
malthp,Maltoheptaose,C42H72O36,,0,,,,,,
malthx,Maltohexaose,C36H62O31,,0,,C01936,,,,
maltpt,Maltopentaose,C30H52O26,,0,,,,,,
malttr,Amylotriose,C18H32O16,,0,,C01835,,,,
maltttr,Maltotetraose,C24H42O21,,0,,C02052,,,,
man1p,D-Mannose1-phosphate,C6H12O9P,,-1,,C00636,,,,
man6p,D-Mannose6-phosphate,C6H12O9P,,-1,,C00275,,,,
met-D,D-Methionine,C5H11NO2S,,0,,C00855,,,,
methf,5-10-Methenyltetrahydrofolate,C20H20N7O6,,-1,,C00445,,,,
met-L,L-Methionine,C5H11NO2S,,0,,C00073|C01733,,,,
met-L-ala-L,met-L-ala-L,C8H15N2O3S,,-1,,,,,,
metox,L-Methionine S-oxide,C5H11NO3S,,0,,C02989,,,,
metox-R,L-methionine R-oxide,C5H11NO3S,,0,,,,,,
mg2,Mg,Mg,,2,,C00305,,,,
Mg-Protoporphyrin IX 13-monomethyl ester,Mg-Protoporphyrin IX 13-monomethyl ester,C35H33N4O4Mg,,0,,C04536,,,,
mi1p-D,Inositol 1-phosphate,C6H12O9P,,-1,,C01177,,,,
mi3p-D,Inositol 3-phosphate,C6H12O9P,,-1,,C04006,,,,
mi4p-D,Inositol 4-phosphate,C6H12O9P,,-1,,C03546,,,,
mlthf,"5,10-Methylene-THF",C20H21N7O6,,-2,,C00143,,,,
mn2,Mn2+,Mn,,2,,C00034,,,,
mobd,Molybdate,H2MoO4,,0,,C06232,,,,
mppp9,Mg-protoporphyrin IX,C34H30N4O4Mg,,-1,,C03516,,,,
mql8,Menaquinol 8,C51H74O2,,0,,,,,,
mqn8,Menaquinone 8,C51H72O2,,0,,,,,,
msbq,"2-Methyl-6-Solanyl-1,4-benzoquinol",,,0,,C17570,,,,
mthgxl,2-Oxopropanal,C3H4O2,,0,,C00546,,,,
Myristoyllipoteichoic acid (n=24)_ linked_ N-acetyl-D-glucosamine,"Myristoyllipoteichoic acid (n=24), linked, N-acetyl-D-glucosamine",C307H536N24O255P24,,-24,,,,,,
Myristoyllipoteichoic acid (n=24)_ linked_ unsubstituted,"Myristoyllipoteichoic acid (n=24), linked, unsubstituted",C115H224O135P24,,-24,,,,,,
myrsACP,Myristoyl-ACP,C25H47N2O8PRS,,-1,,C05761,,,,
na1,Na+,Na,,1,,C01330,,,,
nac,Niacin,C6H4NO2,,-1,,C00253,,,,
nad,NAD,C21H26N7O14P2,,-1,,C00003,,,,
nadh,NADH,C21H27N7O14P2,,-2,,C00004,,,,
nadp,NADP,C21H26N7O17P3,,-2,,C00006,,,,
nadph,NADPH,C21H27N7O17P3,,-3,,C00005,,,,
NADPH2,,,,-4,,,,,,
ncam,Nicotinamide,C6H6N2O,,0,,C00153,,,,
Ncarbsar,N-Carbamoylsarcosine,C4H7N2O3,,-1,,C01043,,,,
nh4,NH3,H4N,,1,,C01342|C00014,,,,
nickel2,Ni2+,Ni,,2,,C00291,,,,
Nicotinate D-ribonucleoside,Nicotinate D-ribonucleoside,C11H13NO6,,0,,C05841,,,,
nicrnt,Nicotinate ribonucleotide,C11H13NO9P,,-1,,C01185,,,,
Nmimzd24d,N-Methylhydantoin,C4H6N2O2,,0,,C02565,,,,
nmn,NMN,C11H15N2O8P,,0,,C00455,,,,
nndp,Nonaprenyl-PP/Solanesyl-PP,,,-2,,C04145,,,,
no2,Nitrite,NO2,,-1,,C00088,,,,
no3,Nitrate,NO3,,-1,,C00244,,,,
nspr,Neurosporene,C40H58,,0,,C05431,,,,
o2,O2,O2,,0,,C00007,,,,
o2s,O2-,HO2,,0,,C00704,,,,
oaa,Oxaloacetate,C4H2O5,,-2,,C00036,,,,
ocdACP,Octadecanoyl-ACP,C29H55N2O8PRS,,-1,,,,,,
ocdca,ocdca,C18H35O2,,-1,,C01530,,,,
ocdcea,octadecenoate,C18H33O2,,-1,,,,,,
octACP,Octanoyl-ACP,C19H35N2O8PRS,,-1,,C05752,,,,
OCTAPRENYL-METHYL-OH-METHOXY-BENZQ,"2-Octaprenyl-3-methyl-5-hydroxy-6-methoxy-1,4-benzoquinone",C48H71O4,,-1,,C05815,,,,
octdp,Farnesylfarnesylgeraniol,C40H66O7P2,,-2,,C04146,,,,
octeACP,Octadecenoyl-ACP,C29H53N2O8PRS,,-1,,C01203,,,,
Octodecanoyl-ACP,Octodecanoyl-ACP,C29H55N2O8PRS,,-1,,,,,,
odecoa,Octadecenoyl-CoA,C39H65N7O17P3S,,-3,,,,,,
orn,Ornithine,C5H13N2O2,,1,,C00077|C01602,,,,
orot,Orotate,C5H3N2O4,,-1,,C00295,,,,
orot5p,Orotidylic acid,C10H11N2O11P,,-2,,C01103,,,,
oxasucc,Oxalosuccinate,C6H3O7,,-3,,C05379,,,,
pa120,"1,2-didodecanoyl-sn-glycerol 3-phosphate",C27H52O8P,,-1,,,,,,
pa140,"1,2-ditetradecanoyl-sn-glycerol 3-phosphate",C31H60O8P,,-1,,,,,,
pa141,"1,2-ditetradec-7-enoyl-sn-glycerol 3-phosphate",C31H56O8P,,-1,,,,,,
pa160,"1,2-dihexadecanoyl-sn-glycerol 3-phosphate",C35H68O8P,,-1,,,,,,
pa161,"1,2-dihexadec-9-enoyl-sn-glycerol 3-phosphate",C35H64O8P,,-1,,,,,,
pa180,"1,2-dioctadecanoyl-sn-glycerol 3-phosphate",C39H76O8P,,-1,,,,,,
pa181,"1,2-dioctadec-11-enoyl-sn-glycerol 3-phosphate",C39H72O8P,,-1,,,,,,
palmACP,Palmitoyl-ACP,C27H51N2O8PRS,,-1,,,,,,
Palmitoyllipoteichoic acid (n=24)_ linked_ N-acetyl-D-glucosamine,"Palmitoyllipoteichoic acid (n=24), linked, N-acetyl-D-glucosamine",C311H544N24O255P24,,-24,,,,,,
Palmitoyllipoteichoic acid (n=24)_ linked_ unsubstituted,"Palmitoyllipoteichoic acid (n=24), linked, unsubstituted",C119H232O135P24,,-24,,,,,,
pan4p,Phosphopantetheine,C11H22N2O7PS,,-1,,C01134,,,,
pant-R,Pantoate,C6H11O4,,-1,,C00522,,,,
pap,Adenosine 3-5-bisphosphate,C10H13N5O10P2,,-2,,C00054,,,,
paps,3-phosphoadenylylsulfate,C10H12N5O13P2S,,-3,,C00053,,,,
Pb,Pb,Pb,,2,,C06696,,,,
PC,Plastocyanin,,,0,,,,,,
PC,,,,0,,,,,,
PC*,,,,-1,,,,,,
pdx5p,Pyridoxine phosphate,C8H11NO6P,,-1,,C00627,,,,
pendp,pendp,C25H42O7P2,,-2,,C04217,,,,
pep,PEP,C3H3O6P,,-2,,C00074,,,,
Peptide-L-methionine,Peptide-L-methionine,C6H10N2O2R2S,,0,,C03023,,,,
Peptide-L-methionine (R)-S-oxide,Peptide-L-methionine (R)-S-oxide,C6H10N2O3R2S,,0,,C15653,,,,
Peptidoglycan polymer (n subunits),Peptidoglycan polymer (n subunits),C80H125N16O42R,,-4,,,,,,
Peptidoglycan polymer (n-1 subunits),Peptidoglycan polymer (n-1 subunits),C40H63N8O21R,,-2,,,,,,
pgp120,Phosphatidylglycerophosphate didodecanoyl,C30H58O13P2,,-2,,,,,,
pgp140,Phosphatidylglycerophosphate ditetradecanoyl,C34H66O13P2,,-2,,,,,,
pgp141,Phosphatidylglycerophosphate ditetradec-7-enoyl,C34H62O13P2,,-2,,,,,,
pgp160,Phosphatidylglycerophosphate dihexadecanoyl,C38H74O13P2,,-2,,,,,,
pgp161,Phosphatidylglycerophosphate dihexadec-9-enoyl,C38H70O13P2,,-2,,,,,,
pgp180,Phosphatidylglycerophosphate dioctadecanoyl,C42H82O13P2,,-2,,,,,,
pgp181,Phosphatidylglycerophosphate dioctadec-11-enoyl,C42H78O13P2,,-2,,,,,,
phe-L,L-Phenylalanine,C9H11NO2,,0,,C00079,,,,
pheme,Heme,C34H30FeN4O4,,-2,,C00032,,,,
phom,O-Phospho-L-homoserine,C4H9NO6P,,-1,,C01102,,,,
photonI,photonI,,,0,,,,,,
photonII,photonII,,,0,,,,,,
phpyr,Phenylpyruvate,C9H7O3,,-1,,C00166,,,,
phthr,4-(Phosphonooxy)-threonine,C4H9NO7P,,-1,,C06055,,,,
Phytoene,Phytoene,C40H64,,0,,C05413,,,,
Phytyl diphosphate,Phytyl diphosphate,C20H40O7P2,,-2,,C05427,,,,
pi,Phosphate,HO4P,,-2,,C00009,,,,
pmcoa,Pimeloyl-CoA,C28H42N7O19P3S,,-4,,C01063,,,,
pmtcoa,Palmitoyl-CoA,C37H63N7O17P3S,,-3,,C00154,,,,
PNP,PNP,C6H5NO3,,0,,C00870,,,,
pnto-R,PAN,C9H16NO5,,-1,,C00864,,,,
ppa,Propionate,C3H5O2,,-1,,C00163,,,,
ppbng,Porphobilinogen,C10H13N2O4,,-1,,C00931,,,,
ppcoa,Propionyl-CoA,C24H37N7O17P3S,,-3,,C00100,,,,
pphn,Prephenate,C10H8O6,,-2,,C00254,,,,
ppi,PPi,H2O7P2,,-2,,C00013,,,,
ppp9,Protoporphyrin,C34H32N4O4,,-2,,C02191,,,,
pppg9,ProtoporphyrinogenIX,C34H38N4O4,,-2,,C01079,,,,
pppi,Triphosphate,HO10P3,,-4,,C00536,,,,
PQ,thylac_plastoquinone,C53H80O2,,0,,C10385,,,,
PQH2,thylac_plastoquinol,C53H82O2,,0,,,,,,
pram,5-Phosphoribosylamine,C5H12NO7P,,0,,C03090,,,,
pran,N-5-phosphoribosyl-anthranilate,C12H14NO9P,,-2,,C04302,,,,
prbamp,Phosphoribosyl-AMP,C15H21N5O14P2,,-2,,C02741,,,,
prbatp,Phosphoribosyl-ATP,C15H21N5O20P4,,-4,,C02739,,,,
pre2,Precorrin 2,C42H40N4O16,,-8,,C02463,,,,
pre6b,Precorrin 6B,C44H49N4O16,,-7,,C06319,,,,
pre8,Precorrin 8,C45H53N4O14,,-7,,C06408,,,,
Prephytoene diphosphate,Prephytoene diphosphate,C40H66O7P2,,-2,,C03427,,,,
prfp,phosphoribosylformiminoaicar-phosphate,C15H23N5O15P2,,-2,,C04896,,,,
prlp,phosphoribulosylformimino-AICAR-phosphate,C15H23N5O15P2,,-2,,C04916,,,,
pro-L,L-Proline,C5H8NO2,,-1,,C00148,,,,
Propionyladenylate,Propionyladenylate,C13H17N5O8P,,-1,,C05983,,,,
proteinsynth,Protein biosynthesis,,,0,,,,,,
Protochlorophyllide,Protochlorophyllide,C35H30N4O5Mg,,-1,,C02880,,,,
prpp,PRPP,C5H10O14P3,,-3,,C00119,,,,
psd5p,Pseudouridine 5'-phosphate,C9H12N2O9P,,-1,,C01168,,,,
pser-L,O-Phospho-L-serine,C3H6NO6P,,-2,,C01005,,,,
PSI,PSI,,,0,,,,,,
PSI*,PSI*,,,-1,,,,,,
PSII,PSII,,,0,,,,,,
PSII*,PSII*,,,-1,,,,,,
ptrc,Putrescine,C4H14N2,,2,,C00134,,,,
pyam5p,Pyridoxamine phosphate,C8H13N2O5P,,0,,C00647,,,,
pydx5p,Pyridoxal phosphate,C8H9NO6P,,-1,,C00018,,,,
pyf,Phytofluene,C40H62,,0,,C05414,,,,
pyr,Pyruvate,C3H3O3,,-1,,C00022,,,,
q8,Ubiquinone-8,C49H74O4,,0,,C17569,,,,
q8h2,Ubiquinol-8,C49H76O4,,0,,,,,,
quln,Quinolinate,C7H3NO4,,-2,,C03722,,,,
r5p,ribose-5-phosphate,C5H10O8P,,-1,,C03736|C00117,,,,
rb15bp,"D-Ribulose 1,5-bisphosphate",C5H10O11P2,,-2,,C01182,,,,
rdmbzi,alpha-Ribazole,C14H18N2O4,,0,,C05775,,,,
ribflv,RIBF,C17H20N4O6,,0,,C00255,,,,
rnam,N-Ribosylnicotinamide,C11H15N2O5,,1,,C03150,,,,
rnatrans,RNA transcription,,,0,,,,,,
ru5p-D,D-Ribulose5-phosphate,C5H10O8P,,-1,,C00199,,,,
s,S,S,,0,,C00087,,,,
s17bp,"Sedoheptulose 1,7-bisphosphate",C7H14O13P2,,-2,,C00447,,,,
s7p,Sedoheptulose7-phosphate,C7H14O10P,,-1,,C05382,,,,
sbzcoa,Succinylbenzoyl-CoA,C32H40N7O20P3S,,-4,,C03160,,,,
scl,Sirohydrochlorin,C42H38N4O16,,-8,,C05778,,,,
seln,Selenide,H2Se,,0,,C01528,,,,
selnp,Selenophosphate,HO3PSe,,-2,,C05172,,,,
ser-L,L-Serine,C3H7NO3,,0,,C00716|C00065,,,,
skm,Shikimate,C7H9O5,,-1,,C00493,,,,
skm5p,3-phosphoshikimate,C7H9O8P,,-2,,C03175,,,,
sl26da,"N-Succinyl-LL-2,6-diaminoheptanedioate",C11H16N2O7,,-2,,C04421,,,,
sl2a6o,N-Succinyl-2-L-amino-6-oxoheptanedioate,C11H12NO8,,-3,,C04462,,,,
so3,Sulfite,HO3S,,-1,,C00094|C11481,,,,
so4,Sulfate,O4S,,-2,,C00059,,,,
spmd,Spermidine,C7H22N3,,3,,C00315,,,,
stcoa,strcoa,C39H67N7O17P3S,,-3,,C00412,,,,
Stearoyllipoteichoic acid (n=24)_ linked_ N-acetyl-D-glucosamine,"Stearoyllipoteichoic acid (n=24), linked, N-acetyl-D-glucosamine",C315H552N24O255P24,,-24,,,,,,
Stearoyllipoteichoic acid (n=24)_ linked_ unsubstituted,"Stearoyllipoteichoic acid (n=24), linked, unsubstituted",C123H240O135P24,,-24,,,,,,
suc6p,Sucrose 6-phosphate,C12H21O14P,,-2,,C02591,,,,
sucbz,Succinylbenzoate,C11H8O5,,-2,,C02730,,,,
succ,Succinate,C4H4O4,,-2,,C00042,,,,
succoa,Succinyl-CoA,C25H36N7O19P3S,,-4,,C00091,,,,
sucr,Sucrose,C12H22O11,,0,,C00089,,,,
sucsal,4-Oxobutanoate,C4H5O3,,-1,,C00232,,,,
tag6p-D,D-Tagatose 6-phosphate,C6H12O9P,,-1,,C01097,,,,
tagdp-D,"D-Tagatose 1,6-biphosphate",C6H12O12P2,,-2,,C03785,,,,
tcggrpp,"trans,trans,cis-Geranylgeranyl diphosphate",C20H34O7P2,,-2,,C11356,,,,
tdcoa,Myristoyl-CoA,C35H59N7O17P3S,,-3,,C02593,,,,
tdeACP,Tetradecenoyl-ACP,C25H45N2O8PRS,,-1,,,,,,
thdp,tetrahydrodipicolinate,C7H7NO4,,-2,,C03972,,,,
thf,THF,C19H21N7O6,,-2,,C00101,,,,
thfglu,THF-L-glutamate,C24H27N8O9,,-3,,C03541|C09332,,,,
thmmp,TMP,C12H17N4O4PS,,0,,C01081,,,,
thmpp,TPP,C12H17N4O7P2S,,-1,,C00068,,,,
thp2c,delta1-Piperideine-6-L-carboxylate,C6H8NO2,,-1,,C00450,,,,
thr-L,threonine,C4H9NO3,,0,,C00188,,,,
thymd,Thymidine,C10H14N2O5,,0,,C00214,,,,
tmrs2eACP,(2E)-Tetradecenoyl-[acp],C25H45N2O8PRS,,-1,,C05760,,,,
tpalm2eACP,(2E)-Hexadecenoyl-[acp],C27H49N2O8PRS,,-1,,C05763,,,,
trans-Octodec-2-enoyl-ACP,trans-Octodec-2-enoyl-ACP,C29H53N2O8PRS,,-1,,C16221,,,,
trdox,trdox,C6H7NO2R2S2,,0,,C00343,,,,
trdrd,trdrd,C6H9NO2R2S2,,0,,C00342,,,,
tre6p,Trehalose 6-phosphate,C12H22O14P,,-1,,C00689,,,,
trnaglu,tRNA-Glu,C10H12N5O3R,,0,,C01641,,,,
trp-L,L-Tryptophan,C11H12N2O2,,0,,C00078|C00806,,,,
tsul,H2S2O3,O3S2,,-2,,C05529|C00320,,,,
ttdca,Myristic acid,C14H27O2,,-1,,C06424,,,,
tyr-L,L-Tyrosine,C9H11NO3,,0,,C00082|C01536,,,,
u23ga,"UDP-2,3-bis(3-hydroxytetradecanoyl)glucosamine",C43H75N3O20P2,,-2,,C04652,,,,
u3aga,UDP-3-O-(beta-hydroxymyristoyl)-N-acetylglucosamine,C31H51N3O19P2,,-2,,C04738,,,,
u3hga,UDP-3-O-(beta-hydroxymyristoyl)-D-glucosamine,C29H50N3O18P2,,-1,,C06022,,,,
uaaAgla,Undecaprenyl-diphospho-N-acetylmuramoyl-(N-acetylglucosamine)-L-alanyl-D-glutamyl-L-lysyl-D-alanyl-D-alanine,C94H153N8O26P2,,-3,,,,,,
uaaAgtla,Undecaprenyl-diphospho-N-acetylmuramoyl-(N-acetylglucosamine)-L-alanyl-D-glutaminyl-L-lysyl-D-alanyl-D-alanine,C94H155N9O25P2,,-2,,,,,,
uaaGgla,Undecaprenyl-diphospho-N-acetylmuramoyl-(N-acetylglucosamine)-L-alanyl-gamma-D-glutamyl-L-lysyl-D-alanyl-D-alanine,C94H153N8O26P2,,-3,,C05893,,,,
uaaGgtla,Undecaprenyl-diphospho-N-acetylmuramoyl-(N-acetylglucosamine)-L-alanyl-D-isoglutaminyl-L-lysyl-D-alanyl-D-alanine,C94H155N9O25P2,,-2,,C05894,,,,
uaagmda,Undecaprenyl-diphospho-N-acetylmuramoyl--N-acetylglucosamine-L-ala-D-glu-meso-2-6-diaminopimeloyl-D-ala-D-ala,C95H152N8O28P2,,-4,,C05898,,,,
uaagtmda,"Undecaprenyl-diphospho-N-acetylmuramoyl-(N-acetylglucosamine)-L-alanyl-D-glutaminyl-meso-2,6-diaminopimeloyl-D-alanyl-D-alanine",C95H154N9O27P2,,-3,,,,,,
uaccg,UDP-N-acetylglucosamine enolpyruvate,C20H26N3O19P2,,-3,,C04631,,,,
uacgala,UDP-N-acetyl-D-galactosamine,C17H25N3O17P2,,-2,,C00203,,,,
uacgam,UDP-N-acetylglucosamine,C17H25N3O17P2,,-2,,C00043,,,,
uacmam,UDP-N-acetyl-D-mannosamine,C17H25N3O17P2,,-2,,C01170,,,,
uaGgla,MurAc(oyl-L-Ala-D-gamma-Glu-L-Lys-D-Ala-D-Ala)-diphospho- undecaprenol,C86H140N7O21P2,,-3,,C04851,,,,
uagmda,Undecaprenyl-diphospho-N-acetylmuramoyl-L-alanyl-D-glutamyl-meso-2-6-diaminopimeloyl-D-alanyl-D-alanine,C87H139N7O23P2,,-4,,C05897,,,,
uama,UDP-N-acetylmuramoyl-L-alanine,C23H33N4O20P2,,-3,,C01212,,,,
uamag,UDP-N-acetylmuramoyl-L-alanyl-D-glutamate,C28H39N5O23P2,,-4,,C00692,,,,
uamr,UDP-MurNAc,C20H28N3O19P2,,-3,,C01050,,,,
udcpdp,Bactoprenyl diphosphate,C55H90O7P2,,-2,,C04574,,,,
udcpp,Undecaprenylphosphate,C55H90O4P,,-1,,C17556|C00348,,,,
udp,UDP,C9H12N2O12P2,,-2,,C00015,,,,
udpg,UDP-glucose,C15H22N2O17P2,,-2,,C00029,,,,
udpgal,UDP-galactose,C15H22N2O17P2,,-2,,C00052,,,,
udpglcur,UDPglucuronate,C15H19N2O18P2,,-3,,C00167,,,,
udpsq,UDP-6-sulfoquinovose,C15H21N2O19P2S,,-3,,C11521,,,,
uGgla,UDPMurAc(oyl-L-Ala-D-gamma-Glu-L-Lys-D-Ala-D-Ala),C40H62N9O26P2,,-3,,C04702,,,,
ugmd,UDP-N-acetylmuramoyl-L-alanyl-D-gamma-glutamyl-meso-2-6-diaminopimelate,C35H51N7O26P2,,-4,,C04877,,,,
ugmda,UDP-N-acetylmuramoyl-L-alanyl-D-glutamyl-6-carboxy-L-lysyl-D-alanyl- D-alanine,C41H61N9O28P2,,-4,,C04882,,,,
ump,UMP,C9H12N2O9P,,-1,,C00105,,,,
unaga,Undecaprenyl diphospho N-acetyl-glucosamine,C63H103NO12P2,,-2,,C01289,,,,
uppg1,UroporphyrinogenI,C40H36N4O16,,-8,,C05766,,,,
uppg3,UroporphyrinogenIII,C40H36N4O16,,-8,,C01051,,,,
ura,Uracil,C4H4N2O2,,0,,C00106,,,,
urea,Urea,CH4N2O,,0,,C00086,,,,
uri,Uridine,C9H12N2O6,,0,,C00299,,,,
utp,UTP,C9H12N2O15P3,,-3,,C00075,,,,
val-L,L-Valine,C5H11NO2,,0,,C00183,,,,
Vitamin B12,Vitamin B12,C61H86CoN13O14PR,,6,,C05776,,,,
Vitamin K1,Vitamin K1,C31H46O2,,0,,C02059,,,,
xmp,XMP,C10H12N4O9P,,-1,,C00655,,,,
xtp,XTP,C10H12N4O15P3,,-3,,C00700,,,,
xtsn,Xanthosine,C10H12N4O6,,0,,C01762,,,,
xu5p-D,D-Xylulose5-phosphate,C5H10O8P,,-1,,C00231,,,,
zcar,zeta-Carotene,C40H60,,0,,C05430,,,,
zn2,Zn2+,Zn,,2,,C00038,,,,
